# M	001,002,003,005,006,007,008,009,010,011,012,013,014,015,016,017,018,019,020,021,022,023,024,025,026,027,028,029,030,031,033,034,035,036,037,039,040,041,042,043,044,045,046,047,048,049,050,051,052,053,054,055,056,057,058,059,060,061,062,063,064,065,066,067,068,069,070,071,072,073,074,075,076,077,078,079,080,081,082,083,084,085,086,087,088,089,090,091,092,093,094,095,096,097,098,099,100,101,102,103,104,105,106,107,108,109,110,111,112,113,114,115,116,117,118,119,120,121,122,123,124
# Batch ID 	Locus ID	Chr	BP	Col	Pop ID	P Nuc	Q Nuc	N	P	Obs Het	Obs Hom	Exp Het	Exp Hom	Pi	Smoothed Pi	Smoothed Pi P-value	Fis	Smoothed Fis	Smoothed Fis P-value	Private
1	106	chr1	1050952	42	M	T	C	107	0.56542056	0.0093	0.9907	0.4914	0.5086	0.4937	0.0017	0.0000	0.9811	0.9875	0.0000	0
1	187	chr1	1076996	36	M	T	C	99	0.53535354	0.0000	1.0000	0.4975	0.5025	0.5000	0.0018	0.0000	1.0000	0.9874	0.0000	0
1	314	chr1	1140611	34	M	A	G	109	0.52752294	0.0092	0.9908	0.4985	0.5015	0.5008	0.0017	0.0000	0.9817	0.9872	0.0000	0
1	1310	chr1	2030190	36	M	G	A	108	0.50925926	0.0185	0.9815	0.4998	0.5002	0.5022	0.0007	0.0000	0.9631	0.9636	0.0000	0
1	1399	chr1	2469728	42	M	A	T	108	0.52314815	0.0093	0.9907	0.4989	0.5011	0.5012	0.0015	0.0000	0.9815	0.9861	0.0000	0
1	1399	chr1	2469752	66	M	G	A	108	0.52314815	0.0093	0.9907	0.4989	0.5011	0.5012	0.0015	0.0000	0.9815	0.9861	0.0000	0
1	1421	chr1	2571746	34	M	A	G	97	0.53608247	0.0000	1.0000	0.4974	0.5026	0.5000	0.0016	0.0000	1.0000	0.9871	0.0000	0
1	1473	chr1	2888993	52	M	G	C	110	0.59090909	0.0182	0.9818	0.4835	0.5165	0.4857	0.0010	0.0000	0.9626	0.9663	0.0000	0
1	1545	chr1	3378568	30	M	G	A	104	0.54807692	0.0000	1.0000	0.4954	0.5046	0.4978	0.0015	0.0000	1.0000	0.9997	0.0000	0
1	1576	chr1	3534627	29	M	C	T	102	0.56862745	0.0000	1.0000	0.4906	0.5094	0.4930	0.0018	0.0000	1.0000	0.9974	0.0000	0
1	1588	chr1	3629477	51	M	A	T	107	0.54205607	0.0000	1.0000	0.4965	0.5035	0.4988	0.0020	0.0000	1.0000	0.9930	0.0000	0
1	1619	chr1	3814406	34	M	A	T	105	0.53333333	0.0190	0.9810	0.4978	0.5022	0.5002	0.0019	0.0000	0.9619	0.9771	0.0000	0
1	1732	chr1	4449505	61	M	G	A	111	0.50900901	0.0090	0.9910	0.4998	0.5002	0.5021	0.0014	0.0000	0.9821	0.9922	0.0000	0
1	1747	chr1	4521039	64	M	A	G	105	0.52380952	0.0000	1.0000	0.4989	0.5011	0.5013	0.0014	0.0000	1.0000	0.9941	0.0000	0
1	1777	chr1	4698053	25	M	C	T	99	0.50505051	0.0000	1.0000	0.4999	0.5001	0.5025	0.0013	0.0000	1.0000	0.9982	0.0000	0
1	1777	chr1	4698040	38	M	T	C	97	0.51546392	0.0000	1.0000	0.4995	0.5005	0.5021	0.0013	0.0000	1.0000	0.9982	0.0000	0
1	1922	chr1	5524784	14	M	A	T	110	0.50909091	0.0000	1.0000	0.4998	0.5002	0.5021	0.0016	0.0000	1.0000	0.9986	0.0000	0
1	1922	chr1	5524783	15	M	G	A	110	0.50909091	0.0000	1.0000	0.4998	0.5002	0.5021	0.0016	0.0000	1.0000	0.9986	0.0000	0
1	1925	chr1	5542245	50	M	C	G	107	0.53271028	0.0000	1.0000	0.4979	0.5021	0.5002	0.0016	0.0000	1.0000	0.9984	0.0000	0
1	1972	chr1	5671130	10	M	C	T	102	0.53921569	0.0000	1.0000	0.4969	0.5031	0.4994	0.0017	0.0000	1.0000	0.9961	0.0000	0
1	1987	chr1	5761089	38	M	T	C	113	0.52654867	0.0088	0.9912	0.4986	0.5014	0.5008	0.0015	0.0000	0.9823	0.9943	0.0000	0
1	2024	chr1	5935300	27	M	C	G	100	0.54000000	0.0000	1.0000	0.4968	0.5032	0.4993	0.0009	0.0000	1.0000	0.9946	0.0000	0
1	2193	chr1	7013314	64	M	G	A	100	0.58000000	0.0200	0.9800	0.4872	0.5128	0.4896	0.0006	0.0000	0.9592	0.9592	0.0000	0
1	2460	chr1	8707909	27	M	C	T	114	0.53947368	0.0088	0.9912	0.4969	0.5031	0.4991	0.0015	0.0000	0.9824	0.8773	0.0000	0
1	2488	chr1	8887994	28	M	A	G	101	0.51485149	0.0000	1.0000	0.4996	0.5004	0.5020	0.0025	0.0000	1.0000	0.7741	0.0000	0
1	2491	chr1	8896222	39	M	T	A	98	0.54591837	0.0102	0.9898	0.4958	0.5042	0.4983	0.0025	0.0000	0.9795	0.7682	0.0000	0
1	2496	chr1	8904166	12	M	C	T	104	0.54807692	0.0000	1.0000	0.4954	0.5046	0.4978	0.0025	0.0000	1.0000	0.7623	0.0000	0
1	2500	chr1	8910585	33	M	T	C	104	0.51923077	0.0000	1.0000	0.4993	0.5007	0.5017	0.0025	0.0000	1.0000	0.7574	0.0000	0
1	2500	chr1	8910584	34	M	T	C	104	0.51923077	0.0000	1.0000	0.4993	0.5007	0.5017	0.0025	0.0000	1.0000	0.7574	0.0000	0
1	2507	chr1	8946428	24	M	T	A	115	0.71739130	0.5304	0.4696	0.4055	0.5945	0.4073	0.0025	0.0000	-0.3025	0.7281	0.0000	0
1	2507	chr1	8946455	51	M	C	T	115	0.54347826	0.0261	0.9739	0.4962	0.5038	0.4984	0.0025	0.0000	0.9477	0.7281	0.0000	0
1	2529	chr1	9021572	27	M	G	A	105	0.51428571	0.0190	0.9810	0.4996	0.5004	0.5020	0.0022	0.0000	0.9621	0.6601	0.0000	0
1	2553	chr1	9115347	37	M	G	A	105	0.55238095	0.0000	1.0000	0.4945	0.5055	0.4969	0.0020	0.0000	1.0000	0.5984	0.0000	0
1	2559	chr1	9136710	10	M	G	T	111	0.50000000	1.0000	0.0000	0.5000	0.5000	0.5023	0.0020	0.0000	-0.9910	0.5996	0.0000	0
1	2597	chr1	9312860	45	M	G	A	116	0.53448276	0.0172	0.9828	0.4976	0.5024	0.4998	0.0033	0.0000	0.9655	0.8399	0.0000	0
1	2597	chr1	9312833	72	M	C	G	116	0.53448276	0.0172	0.9828	0.4976	0.5024	0.4998	0.0033	0.0000	0.9655	0.8399	0.0000	0
1	2620	chr1	9430086	10	M	A	G	116	0.53448276	0.0000	1.0000	0.4976	0.5024	0.4998	0.0044	0.0000	1.0000	0.9471	0.0000	0
1	2627	chr1	9441186	53	M	T	C	104	0.51442308	0.0096	0.9904	0.4996	0.5004	0.5020	0.0045	0.0000	0.9808	0.9520	0.0000	0
1	2631	chr1	9442538	40	M	A	G	108	0.50000000	0.0000	1.0000	0.5000	0.5000	0.5023	0.0045	0.0000	1.0000	0.9525	0.0000	0
1	2635	chr1	9451181	43	M	A	G	115	0.52608696	0.0087	0.9913	0.4986	0.5014	0.5008	0.0046	0.0000	0.9826	0.9559	0.0000	0
1	2635	chr1	9451180	44	M	T	C	115	0.52608696	0.0087	0.9913	0.4986	0.5014	0.5008	0.0046	0.0000	0.9826	0.9559	0.0000	0
1	2635	chr1	9451160	64	M	C	T	115	0.52608696	0.0087	0.9913	0.4986	0.5014	0.5008	0.0046	0.0000	0.9826	0.9559	0.0000	0
1	2680	chr1	9806685	37	M	G	A	105	0.53333333	0.0000	1.0000	0.4978	0.5022	0.5002	0.0023	0.0000	1.0000	0.9981	0.0000	0
1	2680	chr1	9806692	44	M	C	T	105	0.53333333	0.0000	1.0000	0.4978	0.5022	0.5002	0.0023	0.0000	1.0000	0.9981	0.0000	0
1	51	chr1	10300213	15	M	C	G	118	0.52118644	0.0085	0.9915	0.4991	0.5009	0.5012	0.0015	0.0000	0.9831	0.9882	0.0000	0
1	83	chr1	10434829	38	M	G	A	112	0.52678571	0.0000	1.0000	0.4986	0.5014	0.5008	0.0018	0.0000	1.0000	0.9904	0.0000	0
1	86	chr1	10435814	14	M	G	A	112	0.54910714	0.0089	0.9911	0.4952	0.5048	0.4974	0.0018	0.0000	0.9820	0.9905	0.0000	0
1	109	chr1	10515784	40	M	C	T	118	0.52966102	0.0085	0.9915	0.4982	0.5018	0.5004	0.0018	0.0000	0.9831	0.9814	0.0000	0
1	122	chr1	10583519	21	M	C	T	105	0.52380952	0.0000	1.0000	0.4989	0.5011	0.5013	0.0017	0.0000	1.0000	0.9579	0.0000	0
1	123	chr1	10588703	61	M	A	C	104	0.53846154	0.0000	1.0000	0.4970	0.5030	0.4994	0.0017	0.0000	1.0000	0.9548	0.0000	0
1	218	chr1	10924037	25	M	T	C	98	0.76020408	0.4388	0.5612	0.3646	0.6354	0.3665	0.0025	0.0000	-0.1973	0.6359	0.0000	0
1	218	chr1	10924054	42	M	T	A	98	0.76530612	0.4286	0.5714	0.3592	0.6408	0.3611	0.0025	0.0000	-0.1870	0.6360	0.0000	0
1	220	chr1	10927071	58	M	C	T	112	0.54464286	0.0000	1.0000	0.4960	0.5040	0.4982	0.0025	0.0000	1.0000	0.6379	0.0000	0
1	228	chr1	10959041	7	M	T	G	113	0.51327434	0.0000	1.0000	0.4996	0.5004	0.5019	0.0027	0.0000	1.0000	0.6613	0.0000	0
1	236	chr1	10978248	73	M	A	C	99	0.53030303	0.0101	0.9899	0.4982	0.5018	0.5007	0.0027	0.0000	0.9798	0.6762	0.0000	0
1	241	chr1	11106068	44	M	C	T	117	0.52991453	0.0171	0.9829	0.4982	0.5018	0.5003	0.0023	0.0000	0.9658	0.7702	0.0000	0
1	247	chr1	11142604	49	M	G	T	107	0.55140187	0.0187	0.9813	0.4947	0.5053	0.4970	0.0021	0.0000	0.9624	0.7821	0.0000	0
1	247	chr1	11142592	61	M	T	A	106	0.55660377	0.0189	0.9811	0.4936	0.5064	0.4959	0.0021	0.0000	0.9620	0.7821	0.0000	0
1	283	chr1	11301284	73	M	C	T	99	0.50505051	0.0000	1.0000	0.4999	0.5001	0.5025	0.0014	0.0000	1.0000	0.7352	0.0000	0
1	298	chr1	11346499	37	M	C	G	113	0.73008850	0.5221	0.4779	0.3941	0.6059	0.3959	0.0014	0.0000	-0.3189	0.7182	0.0000	0
1	302	chr1	11358875	52	M	G	A	104	0.56730769	0.0192	0.9808	0.4909	0.5091	0.4933	0.0014	0.0000	0.9610	0.7152	0.0000	0
1	309	chr1	11393193	45	M	C	A	111	0.53153153	0.0000	1.0000	0.4980	0.5020	0.5003	0.0014	0.0000	1.0000	0.7152	0.0000	0
1	330	chr1	11590163	67	M	A	G	97	0.53608247	0.0000	1.0000	0.4974	0.5026	0.5000	0.0024	0.0000	1.0000	0.8693	0.0000	0
1	357	chr1	11814167	67	M	T	C	98	0.53571429	0.0102	0.9898	0.4974	0.5026	0.5000	0.0048	0.0000	0.9796	0.9811	0.0000	0
1	356	chr1	11814270	39	M	A	G	109	0.54128440	0.0183	0.9817	0.4966	0.5034	0.4989	0.0048	0.0000	0.9632	0.9811	0.0000	0
1	366	chr1	11910184	24	M	G	T	119	0.52941176	0.0000	1.0000	0.4983	0.5017	0.5004	0.0041	0.0000	1.0000	0.9814	0.0000	0
1	371	chr1	11913690	16	M	T	G	98	0.53571429	0.0102	0.9898	0.4974	0.5026	0.5000	0.0040	0.0000	0.9796	0.9814	0.0000	0
1	371	chr1	11913734	60	M	T	A	98	0.53571429	0.0102	0.9898	0.4974	0.5026	0.5000	0.0040	0.0000	0.9796	0.9814	0.0000	0
1	372	chr1	11946186	20	M	C	T	101	0.52970297	0.0099	0.9901	0.4982	0.5018	0.5007	0.0036	0.0000	0.9802	0.9816	0.0000	0
1	372	chr1	11946137	69	M	C	A	101	0.52970297	0.0099	0.9901	0.4982	0.5018	0.5007	0.0036	0.0000	0.9802	0.9816	0.0000	0
1	445	chr1	12332305	30	M	G	A	103	0.51456311	0.0194	0.9806	0.4996	0.5004	0.5020	0.0039	0.0000	0.9613	0.4674	0.0000	0
1	463	chr1	12383533	10	M	C	T	109	0.50917431	0.0092	0.9908	0.4998	0.5002	0.5021	0.0044	0.0000	0.9817	0.4033	0.0000	0
1	465	chr1	12397357	8	M	T	C	115	0.50434783	0.0000	1.0000	0.5000	0.5000	0.5021	0.0045	0.0000	1.0000	0.3850	0.0000	0
1	465	chr1	12397406	57	M	T	C	115	0.50434783	0.0000	1.0000	0.5000	0.5000	0.5021	0.0045	0.0000	1.0000	0.3849	0.0000	0
1	467	chr1	12424906	19	M	T	C	98	0.70918367	0.5204	0.4796	0.4125	0.5875	0.4146	0.0047	0.0000	-0.2552	0.3510	0.0000	0
1	467	chr1	12424905	20	M	G	A	98	0.70918367	0.5204	0.4796	0.4125	0.5875	0.4146	0.0047	0.0000	-0.2552	0.3510	0.0000	0
1	467	chr1	12424860	65	M	T	A	98	0.70918367	0.5204	0.4796	0.4125	0.5875	0.4146	0.0047	0.0000	-0.2552	0.3511	0.0000	0
1	486	chr1	12567622	42	M	A	G	102	0.75490196	0.4902	0.5098	0.3700	0.6300	0.3719	0.0041	0.0000	-0.3182	0.1476	0.0000	0
1	486	chr1	12567591	73	M	A	C	102	0.75490196	0.4902	0.5098	0.3700	0.6300	0.3719	0.0041	0.0000	-0.3182	0.1477	0.0000	0
1	782	chr1	14601843	6	M	C	T	111	0.52252252	0.0180	0.9820	0.4990	0.5010	0.5012	0.0009	0.0000	0.9641	0.9608	0.0000	0
1	835	chr1	14865440	9	M	A	G	110	0.52272727	0.0273	0.9727	0.4990	0.5010	0.5012	0.0008	0.0000	0.9456	0.9489	0.0000	0
1	3618	chr2	377643	33	M	T	C	105	0.53333333	0.0000	1.0000	0.4978	0.5022	0.5002	0.0013	0.0000	1.0000	0.9946	0.0000	0
1	3888	chr2	587890	38	M	T	C	103	0.59708738	0.0097	0.9903	0.4811	0.5189	0.4835	0.0009	0.0000	0.9799	0.9855	0.0000	0
1	2854	chr2	1083264	20	M	A	T	106	0.55660377	0.0000	1.0000	0.4936	0.5064	0.4959	0.0015	0.0000	1.0000	1.0000	0.0000	0
1	2854	chr2	1083280	36	M	C	G	106	0.55660377	0.0000	1.0000	0.4936	0.5064	0.4959	0.0015	0.0000	1.0000	1.0000	0.0000	0
1	3529	chr2	3285285	21	M	A	G	107	0.50934579	0.0093	0.9907	0.4998	0.5002	0.5022	0.0021	0.0000	0.9814	0.9813	0.0000	0
1	3529	chr2	3285316	52	M	G	T	108	0.50462963	0.0093	0.9907	0.5000	0.5000	0.5023	0.0021	0.0000	0.9816	0.9813	0.0000	0
1	3583	chr2	3547388	26	M	T	C	99	0.55050505	0.0101	0.9899	0.4949	0.5051	0.4974	0.0012	0.0000	0.9797	0.9803	0.0000	0
1	3668	chr2	4248356	61	M	T	A	102	0.53921569	0.0196	0.9804	0.4969	0.5031	0.4994	0.0006	0.0000	0.9607	0.9607	0.0000	0
1	3836	chr2	5448628	30	M	A	T	100	0.51500000	0.0100	0.9900	0.4995	0.5005	0.5021	0.0011	0.0000	0.9801	0.9801	0.0000	0
1	4063	chr2	6940349	54	M	A	C	99	0.53030303	0.0101	0.9899	0.4982	0.5018	0.5007	0.0005	0.0000	0.9798	0.9826	0.0000	0
1	4142	chr2	7232167	48	M	A	T	103	0.52427184	0.0000	1.0000	0.4988	0.5012	0.5013	0.0009	0.0000	1.0000	0.9902	0.0000	0
1	4184	chr2	7417404	9	M	G	A	110	0.52272727	0.0091	0.9909	0.4990	0.5010	0.5012	0.0018	0.0000	0.9819	0.9851	0.0000	0
1	4184	chr2	7417374	39	M	C	G	110	0.52272727	0.0091	0.9909	0.4990	0.5010	0.5012	0.0018	0.0000	0.9819	0.9851	0.0000	0
1	4367	chr2	8506737	20	M	C	T	104	0.53846154	0.0192	0.9808	0.4970	0.5030	0.4994	0.0007	0.0000	0.9615	0.9615	0.0000	0
1	4501	chr2	9166924	19	M	G	A	98	0.51020408	0.0000	1.0000	0.4998	0.5002	0.5024	0.0008	0.0000	1.0000	1.0000	0.0000	0
1	2734	chr2	10118084	34	M	G	A	110	0.52727273	0.0000	1.0000	0.4985	0.5015	0.5008	0.0017	0.0000	1.0000	0.9885	0.0000	0
1	2763	chr2	10284204	36	M	A	G	100	0.52500000	0.0100	0.9900	0.4987	0.5012	0.5013	0.0020	0.0000	0.9801	0.9832	0.0000	0
1	2768	chr2	10304092	55	M	C	T	98	0.53571429	0.0102	0.9898	0.4974	0.5026	0.5000	0.0019	0.0000	0.9796	0.9827	0.0000	0
1	2768	chr2	10304097	60	M	G	A	98	0.53571429	0.0102	0.9898	0.4974	0.5026	0.5000	0.0019	0.0000	0.9796	0.9827	0.0000	0
1	2888	chr2	11053201	47	M	C	T	107	0.50467290	0.0374	0.9626	0.5000	0.5000	0.5023	0.0007	0.0000	0.9256	0.9261	0.0000	0
1	2988	chr2	11503107	21	M	T	C	102	0.56372549	0.0098	0.9902	0.4919	0.5081	0.4943	0.0012	0.0000	0.9802	0.9799	0.0000	0
1	2997	chr2	11618034	11	M	T	C	103	0.56796117	0.0097	0.9903	0.4908	0.5092	0.4932	0.0014	0.0000	0.9803	0.9803	0.0000	0
1	3122	chr2	12368177	37	M	T	C	115	0.57826087	0.0087	0.9913	0.4878	0.5122	0.4899	0.0008	0.0000	0.9822	0.9822	0.0000	0
1	6042	chr3	3086663	22	M	A	G	100	0.56500000	0.0300	0.9700	0.4915	0.5085	0.4940	0.0014	0.0000	0.9393	0.9434	0.0000	0
1	6096	chr3	3422398	8	M	T	C	99	0.55555556	0.0202	0.9798	0.4938	0.5062	0.4963	0.0016	0.0000	0.9593	0.9697	0.0000	0
1	6102	chr3	3433917	28	M	T	C	108	0.56018519	0.0093	0.9907	0.4928	0.5072	0.4950	0.0016	0.0000	0.9813	0.9699	0.0000	0
1	6137	chr3	3685284	10	M	A	G	111	0.54954955	0.0180	0.9820	0.4951	0.5049	0.4973	0.0022	0.0000	0.9638	0.9726	0.0000	0
1	6138	chr3	3702281	23	M	T	C	110	0.50909091	0.0182	0.9818	0.4998	0.5002	0.5021	0.0022	0.0000	0.9638	0.9728	0.0000	0
1	6148	chr3	3718597	32	M	A	G	117	0.54273504	0.0085	0.9915	0.4963	0.5037	0.4985	0.0022	0.0000	0.9829	0.9730	0.0000	0
1	6156	chr3	3788343	35	M	G	A	112	0.56696429	0.0089	0.9911	0.4910	0.5090	0.4932	0.0019	0.0000	0.9819	0.9739	0.0000	0
1	6288	chr3	4451057	14	M	G	A	112	0.59375000	0.0089	0.9911	0.4824	0.5176	0.4846	0.0026	0.0000	0.9816	0.9875	0.0000	0
1	6288	chr3	4451064	21	M	C	T	112	0.59375000	0.0089	0.9911	0.4824	0.5176	0.4846	0.0026	0.0000	0.9816	0.9875	0.0000	0
1	6288	chr3	4451118	75	M	C	G	112	0.59375000	0.0089	0.9911	0.4824	0.5176	0.4846	0.0026	0.0000	0.9816	0.9875	0.0000	0
1	6315	chr3	4567684	6	M	T	A	107	0.55140187	0.0000	1.0000	0.4947	0.5053	0.4970	0.0027	0.0000	1.0000	0.9892	0.0000	0
1	6315	chr3	4567625	65	M	T	A	107	0.55140187	0.0000	1.0000	0.4947	0.5053	0.4970	0.0027	0.0000	1.0000	0.9892	0.0000	0
1	6357	chr3	4740541	17	M	A	G	102	0.53921569	0.0000	1.0000	0.4969	0.5031	0.4994	0.0023	0.0000	1.0000	0.9868	0.0000	0
1	6364	chr3	4761022	19	M	G	A	97	0.55670103	0.0206	0.9794	0.4936	0.5064	0.4961	0.0022	0.0000	0.9584	0.9860	0.0000	0
1	6363	chr3	4761059	21	M	G	T	110	0.53636364	0.0000	1.0000	0.4974	0.5026	0.4996	0.0022	0.0000	1.0000	0.9860	0.0000	0
1	6394	chr3	4923779	38	M	G	A	116	0.59482759	0.0172	0.9828	0.4820	0.5180	0.4841	0.0012	0.0000	0.9644	0.9791	0.0000	0
1	6481	chr3	5275606	73	M	A	G	99	0.56565657	0.0000	1.0000	0.4914	0.5086	0.4939	0.0016	0.0000	1.0000	0.9923	0.0000	0
1	6481	chr3	5275618	85	M	G	A	99	0.56565657	0.0000	1.0000	0.4914	0.5086	0.4939	0.0016	0.0000	1.0000	0.9923	0.0000	0
1	6517	chr3	5389159	35	M	C	T	101	0.57920792	0.0099	0.9901	0.4875	0.5125	0.4899	0.0017	0.0000	0.9798	0.9910	0.0000	0
1	6531	chr3	5432968	48	M	C	T	109	0.57339450	0.0092	0.9908	0.4892	0.5108	0.4915	0.0016	0.0000	0.9813	0.9906	0.0000	0
1	6538	chr3	5491088	11	M	T	C	115	0.58260870	0.0000	1.0000	0.4864	0.5136	0.4885	0.0014	0.0000	1.0000	0.9904	0.0000	0
1	6682	chr3	6166532	51	M	A	G	105	0.58095238	0.0000	1.0000	0.4869	0.5131	0.4892	0.0009	0.0000	1.0000	1.0000	0.0000	0
1	6747	chr3	6462840	9	M	T	A	110	0.58181818	0.0000	1.0000	0.4866	0.5134	0.4888	0.0012	0.0000	1.0000	0.9943	0.0000	0
1	6790	chr3	6717404	5	M	T	A	119	0.55462185	0.0000	1.0000	0.4940	0.5060	0.4961	0.0021	0.0000	1.0000	0.9829	0.0000	0
1	6789	chr3	6717434	28	M	T	C	102	0.57352941	0.0098	0.9902	0.4892	0.5108	0.4916	0.0021	0.0000	0.9801	0.9829	0.0000	0
1	6794	chr3	6740102	41	M	T	C	102	0.56372549	0.0098	0.9902	0.4919	0.5081	0.4943	0.0021	0.0000	0.9802	0.9824	0.0000	0
1	6803	chr3	6803912	33	M	G	T	100	0.61000000	0.0200	0.9800	0.4758	0.5242	0.4782	0.0021	0.0000	0.9582	0.9815	0.0000	0
1	6835	chr3	7037714	16	M	G	A	102	0.63725490	0.0000	1.0000	0.4623	0.5377	0.4646	0.0011	0.0000	1.0000	0.9894	0.0000	0
1	6906	chr3	7357764	34	M	T	A	112	0.62500000	0.0000	1.0000	0.4688	0.5312	0.4709	0.0014	0.0000	1.0000	0.9808	0.0000	0
1	6916	chr3	7414607	66	M	T	G	99	0.61616162	0.0202	0.9798	0.4730	0.5270	0.4754	0.0016	0.0000	0.9575	0.9797	0.0000	0
1	6926	chr3	7468717	52	M	C	T	106	0.61320755	0.0000	1.0000	0.4744	0.5256	0.4766	0.0016	0.0000	1.0000	0.9789	0.0000	0
1	6925	chr3	7468814	48	M	C	A	106	0.64150943	0.0189	0.9811	0.4600	0.5400	0.4621	0.0016	0.0000	0.9592	0.9789	0.0000	0
1	7086	chr3	8466203	31	M	T	A	108	0.62037037	0.0185	0.9815	0.4710	0.5290	0.4732	0.0030	0.0000	0.9609	0.7377	0.0000	0
1	7093	chr3	8496758	19	M	T	C	116	0.59051724	0.0086	0.9914	0.4836	0.5164	0.4857	0.0033	0.0000	0.9823	0.7345	0.0000	0
1	7099	chr3	8565748	5	M	G	A	99	0.58585859	0.0404	0.9596	0.4853	0.5147	0.4877	0.0036	0.0000	0.9172	0.7361	0.0000	0
1	7100	chr3	8566580	34	M	T	A	105	0.56666667	0.0095	0.9905	0.4911	0.5089	0.4935	0.0037	0.0000	0.9807	0.7362	0.0000	0
1	7100	chr3	8566571	43	M	A	T	105	0.56666667	0.0095	0.9905	0.4911	0.5089	0.4935	0.0037	0.0000	0.9807	0.7362	0.0000	0
1	7100	chr3	8566545	69	M	G	T	105	0.56666667	0.0095	0.9905	0.4911	0.5089	0.4935	0.0037	0.0000	0.9807	0.7362	0.0000	0
1	7105	chr3	8582257	21	M	A	G	98	0.69387755	0.5918	0.4082	0.4248	0.5752	0.4270	0.0037	0.0000	-0.3860	0.7386	0.0000	0
1	7105	chr3	8582260	24	M	A	T	98	0.69387755	0.5918	0.4082	0.4248	0.5752	0.4270	0.0037	0.0000	-0.3860	0.7386	0.0000	0
1	7113	chr3	8637987	18	M	A	G	117	0.59829060	0.0171	0.9829	0.4807	0.5193	0.4827	0.0037	0.0000	0.9646	0.7542	0.0000	0
1	7119	chr3	8680431	45	M	C	T	106	0.58962264	0.0283	0.9717	0.4839	0.5161	0.4862	0.0035	0.0000	0.9418	0.7727	0.0000	0
1	7119	chr3	8680446	60	M	C	T	106	0.58962264	0.0283	0.9717	0.4839	0.5161	0.4862	0.0035	0.0000	0.9418	0.7727	0.0000	0
1	7132	chr3	8745544	29	M	C	T	106	0.57075472	0.0283	0.9717	0.4900	0.5100	0.4923	0.0031	0.0000	0.9425	0.8110	0.0000	0
1	7143	chr3	8823408	76	M	C	T	97	0.63402062	0.0309	0.9691	0.4641	0.5359	0.4665	0.0025	0.0000	0.9337	0.8640	0.0000	0
1	7152	chr3	8844785	48	M	T	C	104	0.56250000	0.0096	0.9904	0.4922	0.5078	0.4946	0.0023	0.0000	0.9806	0.8780	0.0000	0
1	7165	chr3	8881969	65	M	G	C	103	0.56310680	0.0194	0.9806	0.4920	0.5080	0.4944	0.0020	0.0000	0.9607	0.9004	0.0000	0
1	7209	chr3	9041485	9	M	A	G	109	0.58256881	0.0092	0.9908	0.4864	0.5136	0.4886	0.0012	0.0000	0.9812	0.9673	0.0000	0
1	7300	chr3	9457935	59	M	T	A	104	0.58173077	0.0096	0.9904	0.4866	0.5134	0.4890	0.0011	0.0000	0.9803	0.9855	0.0000	0
1	7308	chr3	9476786	50	M	A	T	106	0.58962264	0.0094	0.9906	0.4839	0.5161	0.4862	0.0011	0.0000	0.9806	0.9852	0.0000	0
1	7310	chr3	9477212	60	M	A	T	103	0.59223301	0.0000	1.0000	0.4830	0.5170	0.4853	0.0011	0.0000	1.0000	0.9852	0.0000	0
1	7394	chr3	9752104	40	M	C	T	104	0.61538462	0.0192	0.9808	0.4734	0.5266	0.4757	0.0008	0.0000	0.9596	0.9719	0.0000	0
1	7402	chr3	9786837	62	M	T	A	111	0.58108108	0.0090	0.9910	0.4869	0.5131	0.4891	0.0008	0.0000	0.9816	0.9697	0.0000	0
1	4679	chr3	10034869	39	M	C	A	105	0.58571429	0.0095	0.9905	0.4853	0.5147	0.4876	0.0012	0.0000	0.9805	0.9483	0.0000	0
1	4682	chr3	10061467	17	M	G	T	120	0.59583333	0.0250	0.9750	0.4816	0.5184	0.4836	0.0012	0.0000	0.9483	0.9471	0.0000	0
1	4690	chr3	10126075	40	M	G	A	106	0.57547170	0.0566	0.9434	0.4886	0.5114	0.4909	0.0013	0.0000	0.8847	0.9463	0.0000	0
1	4734	chr3	10237546	6	M	A	G	114	0.57017544	0.0175	0.9825	0.4902	0.5098	0.4923	0.0012	0.0000	0.9644	0.9518	0.0000	0
1	4767	chr3	10337539	22	M	G	C	114	0.61403509	0.0175	0.9825	0.4740	0.5260	0.4761	0.0012	0.0000	0.9631	0.9605	0.0000	0
1	4781	chr3	10419270	57	M	G	A	111	0.57207207	0.0090	0.9910	0.4896	0.5104	0.4918	0.0014	0.0000	0.9817	0.9654	0.0000	0
1	4807	chr3	10486833	41	M	C	T	113	0.61061947	0.0177	0.9823	0.4755	0.5245	0.4776	0.0018	0.0000	0.9629	0.9676	0.0000	0
1	4835	chr3	10610182	29	M	T	C	112	0.56696429	0.0268	0.9732	0.4910	0.5090	0.4932	0.0025	0.0000	0.9457	0.9707	0.0000	0
1	4846	chr3	10668877	13	M	G	A	104	0.62980769	0.0096	0.9904	0.4663	0.5337	0.4686	0.0026	0.0000	0.9795	0.9725	0.0000	0
1	4855	chr3	10709110	70	M	G	A	99	0.57070707	0.0101	0.9899	0.4900	0.5100	0.4925	0.0024	0.0000	0.9795	0.9741	0.0000	0
1	4855	chr3	10709111	71	M	G	C	99	0.57070707	0.0101	0.9899	0.4900	0.5100	0.4925	0.0024	0.0000	0.9795	0.9741	0.0000	0
1	4855	chr3	10709127	87	M	T	G	99	0.57070707	0.0101	0.9899	0.4900	0.5100	0.4925	0.0024	0.0000	0.9795	0.9741	0.0000	0
1	4935	chr3	11023100	36	M	C	T	105	0.56190476	0.0000	1.0000	0.4923	0.5077	0.4947	0.0027	0.0000	1.0000	0.9935	0.0000	0
1	4935	chr3	11023112	48	M	C	T	105	0.56190476	0.0000	1.0000	0.4923	0.5077	0.4947	0.0027	0.0000	1.0000	0.9935	0.0000	0
1	4941	chr3	11074538	44	M	C	G	107	0.50467290	0.0000	1.0000	0.5000	0.5000	0.5023	0.0031	0.0000	1.0000	0.9926	0.0000	0
1	4961	chr3	11196707	25	M	G	T	103	0.62621359	0.0097	0.9903	0.4681	0.5319	0.4704	0.0035	0.0000	0.9794	0.9854	0.0000	0
1	4980	chr3	11302138	46	M	A	C	112	0.58035714	0.0179	0.9821	0.4871	0.5129	0.4893	0.0034	0.0000	0.9635	0.9775	0.0000	0
1	4996	chr3	11531124	6	M	G	A	97	0.58247423	0.0103	0.9897	0.4864	0.5136	0.4889	0.0034	0.0000	0.9789	0.9734	0.0000	0
1	5009	chr3	11603494	22	M	G	T	105	0.64761905	0.0190	0.9810	0.4564	0.5436	0.4586	0.0029	0.0000	0.9585	0.9738	0.0000	0
1	5009	chr3	11603492	24	M	T	C	105	0.65238095	0.0095	0.9905	0.4536	0.5464	0.4557	0.0029	0.0000	0.9791	0.9738	0.0000	0
1	5017	chr3	11674195	41	M	T	C	116	0.58189655	0.0086	0.9914	0.4866	0.5134	0.4887	0.0025	0.0000	0.9824	0.9734	0.0000	0
1	5065	chr3	11950314	34	M	T	G	112	0.58035714	0.0179	0.9821	0.4871	0.5129	0.4893	0.0022	0.0000	0.9635	0.9557	0.0000	0
1	5073	chr3	11980322	30	M	A	C	102	0.58823529	0.0196	0.9804	0.4844	0.5156	0.4868	0.0023	0.0000	0.9597	0.9533	0.0000	0
1	5094	chr3	12109918	34	M	T	A	101	0.57425743	0.0396	0.9604	0.4890	0.5110	0.4914	0.0024	0.0000	0.9194	0.9437	0.0000	0
1	5206	chr3	13013671	64	M	C	T	103	0.52912621	0.0097	0.9903	0.4983	0.5017	0.5007	0.0115	0.0000	0.9806	0.9803	0.0000	0
1	5206	chr3	13013677	70	M	A	T	103	0.52912621	0.0097	0.9903	0.4983	0.5017	0.5007	0.0115	0.0000	0.9806	0.9803	0.0000	0
1	5219	chr3	13092630	12	M	G	A	101	0.54950495	0.0099	0.9901	0.4951	0.5049	0.4976	0.0102	0.0000	0.9801	0.9803	0.0000	0
1	5219	chr3	13092594	48	M	T	G	101	0.54950495	0.0099	0.9901	0.4951	0.5049	0.4976	0.0102	0.0000	0.9801	0.9803	0.0000	0
1	5219	chr3	13092589	53	M	T	A	100	0.54500000	0.0100	0.9900	0.4960	0.5040	0.4984	0.0102	0.0000	0.9799	0.9803	0.0000	0
1	5624	chr3	15793797	12	M	G	C	109	0.52752294	0.0092	0.9908	0.4985	0.5015	0.5008	0.0034	0.0000	0.9817	0.9737	0.0000	0
1	5624	chr3	15793834	49	M	T	C	109	0.52752294	0.0092	0.9908	0.4985	0.5015	0.5008	0.0034	0.0000	0.9817	0.9737	0.0000	0
1	5640	chr3	15965311	62	M	A	G	109	0.55504587	0.0275	0.9725	0.4939	0.5061	0.4962	0.0026	0.0000	0.9445	0.9632	0.0000	0
1	5669	chr3	16187106	26	M	T	C	107	0.56074766	0.0187	0.9813	0.4926	0.5074	0.4949	0.0015	0.0000	0.9622	0.9614	0.0000	0
1	5669	chr3	16187051	81	M	T	A	108	0.55555556	0.0185	0.9815	0.4938	0.5062	0.4961	0.0015	0.0000	0.9627	0.9614	0.0000	0
1	5723	chr3	16501025	20	M	C	T	108	0.50462963	0.0093	0.9907	0.5000	0.5000	0.5023	0.0013	0.0000	0.9816	0.9781	0.0000	0
1	9035	chr4	490353	27	M	G	T	114	0.53070175	0.0263	0.9737	0.4981	0.5019	0.5003	0.0007	0.0000	0.9474	0.9474	0.0000	0
1	7479	chr4	1018980	9	M	C	T	109	0.50000000	0.0092	0.9908	0.5000	0.5000	0.5023	0.0009	0.0000	0.9817	0.9862	0.0000	0
1	7918	chr4	1260943	33	M	A	T	98	0.51020408	0.0000	1.0000	0.4998	0.5002	0.5024	0.0032	0.0000	1.0000	0.9816	0.0000	0
1	7918	chr4	1260958	48	M	A	T	98	0.51020408	0.0000	1.0000	0.4998	0.5002	0.5024	0.0032	0.0000	1.0000	0.9816	0.0000	0
1	8158	chr4	1408595	36	M	G	T	110	0.51818182	0.0182	0.9818	0.4993	0.5007	0.5016	0.0042	0.0000	0.9638	0.9750	0.0000	0
1	8158	chr4	1408606	47	M	G	A	110	0.51818182	0.0182	0.9818	0.4993	0.5007	0.5016	0.0042	0.0000	0.9638	0.9750	0.0000	0
1	8158	chr4	1408629	70	M	G	C	110	0.51818182	0.0182	0.9818	0.4993	0.5007	0.5016	0.0042	0.0000	0.9638	0.9750	0.0000	0
1	8357	chr4	1715279	56	M	T	C	107	0.52336449	0.0000	1.0000	0.4989	0.5011	0.5013	0.0014	0.0000	1.0000	0.9942	0.0000	0
1	8357	chr4	1715274	61	M	G	A	107	0.52336449	0.0000	1.0000	0.4989	0.5011	0.5013	0.0014	0.0000	1.0000	0.9942	0.0000	0
1	8463	chr4	2170102	14	M	A	C	105	0.52857143	0.0095	0.9905	0.4984	0.5016	0.5008	0.0013	0.0000	0.9810	0.9751	0.0000	0
1	8463	chr4	2170120	32	M	T	G	105	0.52857143	0.0095	0.9905	0.4984	0.5016	0.5008	0.0013	0.0000	0.9810	0.9751	0.0000	0
1	8477	chr4	2230457	51	M	T	C	108	0.52777778	0.0185	0.9815	0.4985	0.5015	0.5008	0.0014	0.0000	0.9630	0.9744	0.0000	0
1	8567	chr4	2580667	34	M	A	G	97	0.52577320	0.0206	0.9794	0.4987	0.5013	0.5013	0.0014	0.0000	0.9589	0.9723	0.0000	0
1	8579	chr4	2611345	46	M	T	C	98	0.57653061	0.0102	0.9898	0.4883	0.5117	0.4908	0.0014	0.0000	0.9792	0.9725	0.0000	0
1	8579	chr4	2611318	73	M	G	A	98	0.57653061	0.0102	0.9898	0.4883	0.5117	0.4908	0.0014	0.0000	0.9792	0.9725	0.0000	0
1	8728	chr4	3602601	52	M	T	G	98	0.70408163	0.5918	0.4082	0.4167	0.5833	0.4188	0.0009	0.0000	-0.4130	0.4451	0.0000	0
1	8753	chr4	3692283	18	M	G	A	114	0.51754386	0.0175	0.9825	0.4994	0.5006	0.5016	0.0010	0.0000	0.9650	0.5710	0.0000	0
1	8765	chr4	3729884	62	M	A	G	100	0.56500000	0.0300	0.9700	0.4915	0.5085	0.4940	0.0009	0.0000	0.9393	0.6180	0.0000	0
1	9322	chr4	6696721	47	M	G	C	111	0.58108108	0.0090	0.9910	0.4869	0.5131	0.4891	0.0024	0.0000	0.9816	0.9840	0.0000	0
1	9337	chr4	6753286	12	M	A	G	105	0.57619048	0.0095	0.9905	0.4884	0.5116	0.4907	0.0026	0.0000	0.9806	0.9852	0.0000	0
1	9348	chr4	6776214	60	M	T	G	97	0.55154639	0.0103	0.9897	0.4947	0.5053	0.4972	0.0026	0.0000	0.9793	0.9858	0.0000	0
1	9357	chr4	6856153	63	M	C	T	101	0.59405941	0.0000	1.0000	0.4823	0.5177	0.4847	0.0026	0.0000	1.0000	0.9881	0.0000	0
1	9398	chr4	7038722	34	M	A	C	114	0.56578947	0.0088	0.9912	0.4913	0.5087	0.4935	0.0021	0.0000	0.9822	0.9937	0.0000	0
1	9400	chr4	7042829	52	M	C	T	98	0.53061224	0.0000	1.0000	0.4981	0.5019	0.5007	0.0021	0.0000	1.0000	0.9938	0.0000	0
1	9421	chr4	7151145	59	M	T	G	106	0.55660377	0.0000	1.0000	0.4936	0.5064	0.4959	0.0017	0.0000	1.0000	0.9958	0.0000	0
1	9421	chr4	7151139	65	M	A	T	106	0.55660377	0.0000	1.0000	0.4936	0.5064	0.4959	0.0017	0.0000	1.0000	0.9958	0.0000	0
1	9523	chr4	7750598	40	M	G	A	113	0.51769912	0.0088	0.9912	0.4994	0.5006	0.5016	0.0005	0.0000	0.9824	0.9861	0.0000	0
1	9564	chr4	7986832	62	M	C	T	104	0.57692308	0.0000	1.0000	0.4882	0.5118	0.4905	0.0008	0.0000	1.0000	0.8208	0.0000	0
1	9630	chr4	8290381	21	M	G	A	116	0.70689655	0.5172	0.4828	0.4144	0.5856	0.4162	0.0021	0.0000	-0.2428	0.6480	0.0000	0
1	9630	chr4	8290420	60	M	G	C	116	0.70689655	0.5172	0.4828	0.4144	0.5856	0.4162	0.0021	0.0000	-0.2428	0.6481	0.0000	0
1	9644	chr4	8304443	53	M	A	G	110	0.53636364	0.0000	1.0000	0.4974	0.5026	0.4996	0.0022	0.0000	1.0000	0.6542	0.0000	0
1	9643	chr4	8304533	40	M	T	G	100	0.51000000	0.0000	1.0000	0.4998	0.5002	0.5023	0.0022	0.0000	1.0000	0.6542	0.0000	0
1	9643	chr4	8304559	66	M	A	G	100	0.51000000	0.0000	1.0000	0.4998	0.5002	0.5023	0.0022	0.0000	1.0000	0.6542	0.0000	0
1	9647	chr4	8356790	45	M	T	C	105	0.53333333	0.0000	1.0000	0.4978	0.5022	0.5002	0.0022	0.0000	1.0000	0.6791	0.0000	0
1	9659	chr4	8382943	31	M	A	G	103	0.52427184	0.0000	1.0000	0.4988	0.5012	0.5013	0.0022	0.0000	1.0000	0.6922	0.0000	0
1	9659	chr4	8382917	57	M	A	G	103	0.52427184	0.0000	1.0000	0.4988	0.5012	0.5013	0.0022	0.0000	1.0000	0.6922	0.0000	0
1	9764	chr4	9188408	17	M	A	G	104	0.50480769	0.0096	0.9904	0.5000	0.5000	0.5024	0.0016	0.0000	0.9809	0.9815	0.0000	0
1	9796	chr4	9480918	40	M	C	T	97	0.50000000	0.0103	0.9897	0.5000	0.5000	0.5026	0.0015	0.0000	0.9795	0.9870	0.0000	0
1	9816	chr4	9557887	12	M	T	G	101	0.50495050	0.0000	1.0000	0.5000	0.5000	0.5024	0.0016	0.0000	1.0000	0.9867	0.0000	0
1	9851	chr4	9755885	49	M	A	G	109	0.53669725	0.0092	0.9908	0.4973	0.5027	0.4996	0.0017	0.0000	0.9816	0.9835	0.0000	0
1	9851	chr4	9755875	59	M	C	T	109	0.53669725	0.0092	0.9908	0.4973	0.5027	0.4996	0.0017	0.0000	0.9816	0.9835	0.0000	0
1	9851	chr4	9755852	82	M	A	T	109	0.53669725	0.0092	0.9908	0.4973	0.5027	0.4996	0.0017	0.0000	0.9816	0.9835	0.0000	0
1	7470	chr4	10142269	53	M	T	A	104	0.52403846	0.0096	0.9904	0.4988	0.5012	0.5013	0.0008	0.0000	0.9808	0.9809	0.0000	0
1	7540	chr4	10529251	13	M	A	G	99	0.50000000	0.0101	0.9899	0.5000	0.5000	0.5025	0.0012	0.0000	0.9799	0.9829	0.0000	0
1	7592	chr4	10828819	33	M	G	A	102	0.55882353	0.0000	1.0000	0.4931	0.5069	0.4955	0.0018	0.0000	1.0000	0.9990	0.0000	0
1	7614	chr4	10953577	19	M	T	C	105	0.56190476	0.0000	1.0000	0.4923	0.5077	0.4947	0.0017	0.0000	1.0000	0.9999	0.0000	0
1	7614	chr4	10953576	20	M	C	T	104	0.55769231	0.0000	1.0000	0.4933	0.5067	0.4957	0.0017	0.0000	1.0000	0.9999	0.0000	0
1	7665	chr4	11195434	47	M	C	T	103	0.60194175	0.0000	1.0000	0.4792	0.5208	0.4816	0.0010	0.0000	1.0000	1.0000	0.0000	0
1	7767	chr4	11714410	32	M	C	T	103	0.53883495	0.0097	0.9903	0.4970	0.5030	0.4994	0.0006	0.0000	0.9806	0.9643	0.0000	0
1	7815	chr4	11909477	14	M	T	C	118	0.56779661	0.0339	0.9661	0.4908	0.5092	0.4929	0.0009	0.0000	0.9312	0.9490	0.0000	0
1	7854	chr4	12169374	37	M	A	G	101	0.55940594	0.0099	0.9901	0.4929	0.5071	0.4954	0.0010	0.0000	0.9800	0.9699	0.0000	0
1	7952	chr4	12821921	38	M	T	C	110	0.57272727	0.0000	1.0000	0.4894	0.5106	0.4917	0.0016	0.0000	1.0000	1.0000	0.0000	0
1	7981	chr4	13001261	30	M	A	G	98	0.63265306	0.0000	1.0000	0.4648	0.5352	0.4672	0.0017	0.0000	1.0000	0.9989	0.0000	0
1	8036	chr4	13330088	24	M	C	A	109	0.56422018	0.0092	0.9908	0.4918	0.5082	0.4940	0.0007	0.0000	0.9814	0.9828	0.0000	0
1	8120	chr4	13896361	56	M	T	A	104	0.53365385	0.0096	0.9904	0.4977	0.5023	0.5001	0.0008	0.0000	0.9808	0.8939	0.0000	0
1	8185	chr4	14279375	7	M	T	C	115	0.73478261	0.4783	0.5217	0.3898	0.6102	0.3915	0.0007	0.0000	-0.2217	-0.1646	0.0000	0
1	8184	chr4	14279396	17	M	T	A	103	0.86893204	0.2621	0.7379	0.2278	0.7722	0.2289	0.0007	0.0000	-0.1453	-0.1646	0.0000	0
1	8303	chr4	15054808	40	M	G	T	97	0.50000000	0.0309	0.9691	0.5000	0.5000	0.5026	0.0008	0.0000	0.9385	0.9385	0.0000	0
1	10012	chr5	180265	49	M	G	A	113	0.53982301	0.0177	0.9823	0.4968	0.5032	0.4990	0.0012	0.0000	0.9645	0.7947	0.0000	0
1	10511	chr5	487817	28	M	G	A	105	0.85238095	0.2381	0.7619	0.2517	0.7483	0.2529	0.0008	0.0000	0.0584	0.1094	0.0000	0
1	10511	chr5	487797	48	M	C	T	107	0.85046729	0.2430	0.7570	0.2543	0.7457	0.2555	0.0008	0.0000	0.0491	0.1094	0.0000	0
1	10118	chr5	2493990	41	M	G	T	102	0.57352941	0.0294	0.9706	0.4892	0.5108	0.4916	0.0046	0.0000	0.9402	0.9306	0.0000	0
1	10118	chr5	2493993	44	M	T	C	103	0.57281553	0.0388	0.9612	0.4894	0.5106	0.4918	0.0046	0.0000	0.9210	0.9306	0.0000	0
1	10379	chr5	4142966	62	M	A	G	104	0.50961538	0.0192	0.9808	0.4998	0.5002	0.5022	0.0010	0.0000	0.9617	0.9630	0.0000	0
1	10439	chr5	4499117	50	M	A	C	114	0.56578947	0.0088	0.9912	0.4913	0.5087	0.4935	0.0023	0.0000	0.9822	0.9812	0.0000	0
1	10623	chr5	5501780	54	M	T	C	98	0.61224490	0.0204	0.9796	0.4748	0.5252	0.4772	0.0011	0.0000	0.9572	0.9572	0.0000	0
1	10623	chr5	5501762	72	M	G	A	98	0.61224490	0.0204	0.9796	0.4748	0.5252	0.4772	0.0011	0.0000	0.9572	0.9572	0.0000	0
1	10695	chr5	5957590	31	M	T	C	100	0.61000000	0.0000	1.0000	0.4758	0.5242	0.4782	0.0009	0.0000	1.0000	1.0000	0.0000	0
1	10837	chr5	6941160	15	M	C	T	109	0.54587156	0.0092	0.9908	0.4958	0.5042	0.4981	0.0021	0.0000	0.9816	0.9816	0.0000	0
1	10837	chr5	6941135	40	M	C	T	109	0.54587156	0.0092	0.9908	0.4958	0.5042	0.4981	0.0021	0.0000	0.9816	0.9816	0.0000	0
1	10937	chr5	7375221	44	M	G	A	114	0.57456140	0.0088	0.9912	0.4889	0.5111	0.4910	0.0003	0.0000	0.9821	0.9821	0.0000	0
1	11178	chr5	7970241	19	M	C	G	116	0.58189655	0.0086	0.9914	0.4866	0.5134	0.4887	0.0005	0.0000	0.9824	0.9815	0.0000	0
1	11177	chr5	7970292	35	M	C	G	104	0.57211538	0.0096	0.9904	0.4896	0.5104	0.4920	0.0005	0.0000	0.9805	0.9815	0.0000	0
1	11213	chr5	8034252	50	M	C	T	111	0.58108108	0.0090	0.9910	0.4869	0.5131	0.4891	0.0005	0.0000	0.9816	0.9816	0.0000	0
1	11336	chr5	8483306	36	M	T	G	97	0.60824742	0.0000	1.0000	0.4766	0.5234	0.4790	0.0012	0.0000	1.0000	0.9994	0.0000	0
1	11336	chr5	8483316	46	M	T	A	97	0.60824742	0.0000	1.0000	0.4766	0.5234	0.4790	0.0012	0.0000	1.0000	0.9994	0.0000	0
1	11374	chr5	8856759	34	M	G	A	108	0.55092593	0.0093	0.9907	0.4948	0.5052	0.4971	0.0006	0.0000	0.9814	0.9826	0.0000	0
1	11473	chr5	9304882	25	M	G	A	110	0.55454545	0.0182	0.9818	0.4940	0.5060	0.4963	0.0010	0.0000	0.9634	0.9689	0.0000	0
1	11510	chr5	9486830	60	M	C	T	104	0.51442308	0.0096	0.9904	0.4996	0.5004	0.5020	0.0021	0.0000	0.9808	0.9750	0.0000	0
1	11612	chr6	15937	44	M	C	T	115	0.52608696	0.0087	0.9913	0.4986	0.5014	0.5008	0.0031	0.0000	0.9826	0.8969	0.0000	0
1	11612	chr6	15916	65	M	T	A	115	0.52608696	0.0087	0.9913	0.4986	0.5014	0.5008	0.0031	0.0000	0.9826	0.8969	0.0000	0
1	20253	chr6	300889	12	M	C	T	105	0.76666667	0.4476	0.5524	0.3578	0.6422	0.3595	0.0026	0.0000	-0.2452	0.0802	0.0000	0
1	11514	chr6	1000729	58	M	T	G	102	0.81862745	0.3627	0.6373	0.2970	0.7030	0.2984	0.0004	0.0000	-0.2156	-0.2156	0.0000	0
1	11671	chr6	1923600	23	M	G	A	101	0.57425743	0.0000	1.0000	0.4890	0.5110	0.4914	0.0006	0.0000	1.0000	1.0000	0.0000	0
1	11740	chr6	2339904	41	M	C	T	108	0.51851852	0.0000	1.0000	0.4993	0.5007	0.5016	0.0019	0.0000	1.0000	0.9824	0.0000	0
1	11753	chr6	2424887	49	M	A	C	105	0.50000000	0.0095	0.9905	0.5000	0.5000	0.5024	0.0023	0.0000	0.9810	0.9804	0.0000	0
1	11753	chr6	2424894	56	M	A	C	105	0.50476190	0.0190	0.9810	0.5000	0.5000	0.5023	0.0023	0.0000	0.9621	0.9804	0.0000	0
1	11781	chr6	2640923	42	M	A	C	110	0.50454545	0.0091	0.9909	0.5000	0.5000	0.5022	0.0020	0.0000	0.9819	0.9794	0.0000	0
1	11843	chr6	2994347	33	M	A	G	110	0.52272727	0.0091	0.9909	0.4990	0.5010	0.5012	0.0008	0.0000	0.9819	0.9766	0.0000	0
1	11892	chr6	3202934	74	M	G	A	97	0.56701031	0.0206	0.9794	0.4910	0.5090	0.4936	0.0008	0.0000	0.9582	0.9737	0.0000	0
1	11935	chr6	3394421	67	M	G	A	99	0.53535354	0.0000	1.0000	0.4975	0.5025	0.5000	0.0013	0.0000	1.0000	0.9872	0.0000	0
1	12345	tig00000147	12741	41	M	C	T	100	0.55000000	0.0000	1.0000	0.4950	0.5050	0.4975	0.0133	0.0000	1.0000	1.0000	0.0000	0
1	12345	tig00000147	12745	45	M	C	T	100	0.55000000	0.0000	1.0000	0.4950	0.5050	0.4975	0.0133	0.0000	1.0000	1.0000	0.0000	0
1	12583	tig00000206	20500	41	M	A	G	110	0.58181818	0.0000	1.0000	0.4866	0.5134	0.4888	0.0157	0.0000	1.0000	1.0000	0.0000	0
1	12583	tig00000206	20529	70	M	T	C	110	0.58181818	0.0000	1.0000	0.4866	0.5134	0.4888	0.0157	0.0000	1.0000	1.0000	0.0000	0
1	12583	tig00000206	20537	78	M	A	G	109	0.58715596	0.0000	1.0000	0.4848	0.5152	0.4870	0.0157	0.0000	1.0000	1.0000	0.0000	0
1	12588	tig00000234	21136	65	M	A	C	97	0.55670103	0.0000	1.0000	0.4936	0.5064	0.4961	0.0131	0.0000	1.0000	1.0000	0.0000	0
1	12588	tig00000234	21135	66	M	C	T	97	0.55670103	0.0000	1.0000	0.4936	0.5064	0.4961	0.0131	0.0000	1.0000	1.0000	0.0000	0
1	12844	tig00000303	96741	22	M	A	T	100	0.74500000	0.4900	0.5100	0.3800	0.6200	0.3819	0.0016	0.0000	-0.2832	-0.2929	0.0000	0
1	12844	tig00000303	96759	40	M	T	C	100	0.74500000	0.4900	0.5100	0.3800	0.6200	0.3819	0.0016	0.0000	-0.2832	-0.2929	0.0000	0
1	12844	tig00000303	96779	60	M	T	C	99	0.75252525	0.4949	0.5051	0.3725	0.6275	0.3744	0.0016	0.0000	-0.3221	-0.2929	0.0000	0
1	12844	tig00000303	96792	73	M	C	T	100	0.74500000	0.4900	0.5100	0.3800	0.6200	0.3819	0.0016	0.0000	-0.2832	-0.2929	0.0000	0
1	13933	tig00000807	1478	13	M	T	C	110	0.52727273	0.0000	1.0000	0.4985	0.5015	0.5008	0.0134	0.0000	1.0000	1.0000	0.0000	0
1	13933	tig00000807	1468	23	M	C	G	110	0.52727273	0.0000	1.0000	0.4985	0.5015	0.5008	0.0134	0.0000	1.0000	1.0000	0.0000	0
1	14766	tig00001189	23893	12	M	A	G	103	0.51456311	0.0194	0.9806	0.4996	0.5004	0.5020	0.0082	0.0000	0.9613	0.9613	0.0000	0
1	14851	tig00001219	36278	25	M	T	C	97	0.51546392	0.9072	0.0928	0.4995	0.5005	0.5021	0.0194	0.0000	-0.8068	-0.7625	0.0000	0
1	14851	tig00001219	36233	70	M	T	A	97	0.51546392	0.9072	0.0928	0.4995	0.5005	0.5021	0.0194	0.0000	-0.8068	-0.7625	0.0000	0
1	14854	tig00001219	45494	6	M	T	C	101	0.50495050	0.8713	0.1287	0.5000	0.5000	0.5024	0.0195	0.0000	-0.7341	-0.7625	0.0000	0
1	14854	tig00001219	45490	10	M	A	G	101	0.50495050	0.8713	0.1287	0.5000	0.5000	0.5024	0.0195	0.0000	-0.7341	-0.7625	0.0000	0
1	14854	tig00001219	45463	37	M	G	A	101	0.50495050	0.8713	0.1287	0.5000	0.5000	0.5024	0.0195	0.0000	-0.7341	-0.7625	0.0000	0
1	15222	tig00001454	40532	38	M	T	C	118	0.50847458	0.9661	0.0339	0.4999	0.5001	0.5020	0.0020	0.0000	-0.9246	-0.9246	0.0000	0
1	15633	tig00001738	9008	6	M	A	G	97	0.69587629	0.0103	0.9897	0.4233	0.5767	0.4255	0.0046	0.0000	0.9758	0.9758	0.0000	0
1	16476	tig00001977	72933	58	M	A	C	99	0.58080808	0.0101	0.9899	0.4869	0.5131	0.4894	0.0050	0.0000	0.9794	0.9794	0.0000	0
1	16476	tig00001977	72951	76	M	G	T	99	0.58080808	0.0101	0.9899	0.4869	0.5131	0.4894	0.0050	0.0000	0.9794	0.9794	0.0000	0
1	16637	tig00002002	71667	40	M	A	G	101	0.72277228	0.0198	0.9802	0.4007	0.5993	0.4027	0.0004	0.0000	0.9508	0.9508	0.0000	0
1	17328	tig00002196	34571	51	M	C	T	106	0.50471698	0.9717	0.0283	0.5000	0.5000	0.5023	0.0029	0.0000	-0.9344	-0.9344	0.0000	0
1	17785	tig00002371	4355	39	M	G	T	100	0.60000000	0.0000	1.0000	0.4800	0.5200	0.4824	0.0103	0.0000	1.0000	1.0000	0.0000	0
1	17785	tig00002371	4381	65	M	A	G	100	0.60000000	0.0000	1.0000	0.4800	0.5200	0.4824	0.0103	0.0000	1.0000	1.0000	0.0000	0
1	17901	tig00002443	100670	58	M	T	C	103	0.51456311	0.0000	1.0000	0.4996	0.5004	0.5020	0.0078	0.0000	1.0000	1.0000	0.0000	0
1	17901	tig00002443	100662	66	M	A	G	103	0.51456311	0.0000	1.0000	0.4996	0.5004	0.5020	0.0078	0.0000	1.0000	1.0000	0.0000	0
1	17904	tig00002443	111205	44	M	C	A	108	0.52777778	0.0000	1.0000	0.4985	0.5015	0.5008	0.0079	0.0000	1.0000	1.0000	0.0000	0
1	17904	tig00002443	111206	45	M	T	A	108	0.52777778	0.0000	1.0000	0.4985	0.5015	0.5008	0.0079	0.0000	1.0000	1.0000	0.0000	0
1	17935	tig00002450	92341	50	M	T	C	108	0.52777778	0.0000	1.0000	0.4985	0.5015	0.5008	0.0058	0.0000	1.0000	1.0000	0.0000	0
1	17935	tig00002450	92326	65	M	T	C	108	0.52777778	0.0000	1.0000	0.4985	0.5015	0.5008	0.0058	0.0000	1.0000	1.0000	0.0000	0
1	17916	tig00002450	125092	15	M	T	C	101	0.52475248	0.0000	1.0000	0.4988	0.5012	0.5013	0.0056	0.0000	1.0000	1.0000	0.0000	0
1	17916	tig00002450	125152	75	M	A	G	101	0.52475248	0.0000	1.0000	0.4988	0.5012	0.5013	0.0056	0.0000	1.0000	1.0000	0.0000	0
